<launch>

<arg name="nodelet_manager" default="service_robot"/>
<arg name="required"        default="service_robot"/>

<node pkg="nodelet" type="nodelet" name="orientation_filter" args="load imu_filter_madgwick/ImuFilterNodelet $(arg nodelet_manager)" respawn="true">
    <param name="stateless" value="false" />
    <param name="use_mag" value="false" />
    <param name="publish_tf" value="true" />
    <param name="reverse_tf" value="false" />
    <param name="fixed_frame" value="$(arg nodelet_manager)_depth_frame" />
    <param name="constant_dt" value="0.0" />
    <param name="publish_debug_topics" value="true" />
    <param name="use_magnetic_field_msg" value="false"/>
    <param name="world_frame" value="nwu" />  
</node>

</launch>