<launch>

<arg name="nodelet_manager" default="service_robot"/>
<arg name="required"        default="service_robot"/>
<arg name="debug"           default="false"/>
<arg name="height_roi_min"  default="-1.0"/>
<arg name="height_roi_max"  default="-0.6"/>
<arg name="sampling_threshold" default="0.09"/>
<arg name="sampling_iteration" default="500"/>     
<arg name="point_z_limit" default="2.5"/>
<arg name="tf_b2c_pos_x"  default="0"/>    
<arg name="tf_b2c_pos_y"  default="0"/>    
<arg name="tf_b2c_pos_z"  default="0"/>    
<arg name="tf_b2c_quat_w"  default="1"/>    
<arg name="tf_b2c_quat_x"  default="0"/>    
<arg name="tf_b2c_quat_y"  default="0"/>    
<arg name="tf_b2c_quat_z"  default="0"/> 
<arg name="tf_b2c_pos_x_manual"  default="0"/>
<arg name="tf_b2c_pos_y_manual"  default="0"/>
<arg name="tf_b2c_pos_z_manual"  default="0"/>
<arg name="tf_b2c_rot_z_manual"  default="0"/>

<node pkg="nodelet" type="nodelet" name="plane_estimation" args="load robot_vision/PlaneEstimationNodelet $(arg nodelet_manager)" respawn="true">
    <param name="nodelet_manager" value="$(arg nodelet_manager)"/>
    <param name="debug" type="bool" value="$(arg debug)" />
    <param name="height_roi_min" value="$(arg height_roi_min)"/>
    <param name="height_roi_max" value="$(arg height_roi_max)"/>
    <param name="sampling_threshold" value="$(arg sampling_threshold)"/>
    <param name="sampling_iteration" value="$(arg sampling_iteration)"/>         
    <param name="point_z_limit" value="$(arg point_z_limit)"/>  
    <param name="tf_b2c_pos_x"  value="$(arg tf_b2c_pos_x)"/>    
    <param name="tf_b2c_pos_y"  value="$(arg tf_b2c_pos_y)"/>    
    <param name="tf_b2c_pos_z"  value="$(arg tf_b2c_pos_z)"/>    
    <param name="tf_b2c_quat_w"  value="$(arg tf_b2c_quat_w)"/>    
    <param name="tf_b2c_quat_x"  value="$(arg tf_b2c_quat_x)"/>    
    <param name="tf_b2c_quat_y"  value="$(arg tf_b2c_quat_y)"/>    
    <param name="tf_b2c_quat_z"  value="$(arg tf_b2c_quat_z)"/>     
    <param name="tf_b2c_pos_x_manual"  value="$(arg tf_b2c_pos_x_manual)"/>
    <param name="tf_b2c_pos_y_manual"  value="$(arg tf_b2c_pos_y_manual)"/>
    <param name="tf_b2c_pos_z_manual"  value="$(arg tf_b2c_pos_z_manual)"/>
    <param name="tf_b2c_rot_z_manual"  value="$(arg tf_b2c_rot_z_manual)"/>           
</node>

</launch>